Female,Obs,Mean,SD
0,5644,0.7624025513819985,0.4256489185274274
1,2744,0.76567055393586,0.4236561891426713
