Language,Male (mean),Female (mean),t-Value,p-Value
business,0.01977420978029766,0.02443072886297376,-9.555058174045339,< 0.001
empathic,0.021434704110559887,0.02618832725947522,-10.774425435457804,< 0.001
social,0.10759105776045358,0.11959392128279885,-10.638355852239888,< 0.001
drives,0.08025586463501064,0.0830299307580175,-3.4720998919450867,< 0.001
