Language,Male (mean),Female (mean),t-Value,p-Value
business,1.9774209780297658,2.443072886297376,-9.555058174045342,< 0.001
empathic,2.1434704110559886,2.6188327259475215,-10.774425435457795,< 0.001
social,10.759105776045358,11.959392128279884,-10.638355852239885,< 0.001
drives,8.025586463501064,8.30299307580175,-3.472099891945083,< 0.001
